split,method_norm,accuracy_12feat,f1_macro_12feat,f1_entailment_12feat,f1_neutral_12feat,f1_contradiction_12feat,accuracy_16feat,f1_macro_16feat,f1_entailment_16feat,f1_neutral_16feat,f1_contradiction_16feat,accuracy_delta_16_minus_12,f1_macro_delta_16_minus_12,f1_entailment_delta_16_minus_12,f1_neutral_delta_16_minus_12,f1_contradiction_delta_16_minus_12
multinli_tr_1_1::validation_matched,BERT,0.6299316953817923,0.6189802204772034,0.6666666666666666,0.5141078030745281,0.6761661916904155,0.6299316953817923,0.6189802204772034,0.6666666666666666,0.5141078030745281,0.6761661916904155,0.0,0.0,0.0,0.0,0.0
multinli_tr_1_1::validation_matched,Class_conditional_routing_computed,0.6871240697318789,0.6804168496833123,0.7576397690466131,0.5623287671232877,0.7212820128800359,0.6871240697318789,0.6804168496833123,0.7576397690466131,0.5623287671232877,0.7212820128800359,0.0,0.0,0.0,0.0,0.0
multinli_tr_1_1::validation_matched,Gemma,0.4003466204506066,0.3505046128864049,0.5108695652173914,0.2209248014946286,0.3197194719471947,0.4003466204506066,0.3505046128864049,0.5108695652173914,0.2209248014946286,0.3197194719471947,0.0,0.0,0.0,0.0,0.0
multinli_tr_1_1::validation_matched,Majority_vote,0.723009481088796,0.7155102659162562,0.745945945945946,0.6210166919575114,0.779568159845311,0.723009481088796,0.7155102659162562,0.745945945945946,0.6210166919575114,0.779568159845311,0.0,0.0,0.0,0.0,0.0
multinli_tr_1_1::validation_matched,Meta_BiLSTM,0.7994698746049547,0.7988168123023663,0.8189806678383128,0.750236518448439,0.8272332506203474,0.800795188092568,0.8001962313819514,0.8204147668774819,0.7509433962264151,0.829230531041957,0.0013253134876133332,0.0013794190795850536,0.0014340990391691344,0.0007068777779761781,0.0019972804216096263
multinli_tr_1_1::validation_matched,Meta_FlatLSTM,0.8012029768579876,0.8005096484893416,0.8208802456499488,0.7509868940470551,0.8296618057710208,0.7994698746049547,0.7988713238991281,0.8195136243773806,0.7487421383647799,0.8283582089552238,-0.0017331022530329143,-0.0016383245902135135,-0.001366621272568147,-0.0022447556822752235,-0.001303596815796948
multinli_tr_1_1::validation_matched,Meta_LinearSVC,0.8015088184320522,0.8004267232608685,0.8200228180262408,0.7528198517563648,0.8284375,0.7999796105617291,0.7990122740002117,0.8193289360481789,0.7516413130504404,0.8260665729020159,-0.0015292078703231793,-0.0014144492606568138,-0.000693881978061861,-0.0011785387059244368,-0.0023709270979841435
multinli_tr_1_1::validation_matched,Meta_MLP,0.7986542970741156,0.7980299935524607,0.8187958883994126,0.7487018095987411,0.8265922826592282,0.8013049240493424,0.800692755684028,0.82063305978898,0.7518891687657431,0.829556038497361,0.0026506269752267775,0.0026627621315672423,0.0018371713895674047,0.0031873591670019685,0.0029637558381327977
multinli_tr_1_1::validation_matched,Qwen,0.7191354878173106,0.7147534313141786,0.7576397690466131,0.6169925826028321,0.7696279422930904,0.7191354878173106,0.7147534313141786,0.7576397690466131,0.6169925826028321,0.7696279422930904,0.0,0.0,0.0,0.0,0.0
multinli_tr_1_1::validation_matched,Weighted_static_hand_weights,0.74900601488429,0.7416598438167422,0.7797619047619048,0.6381507098653076,0.8070669168230143,0.74900601488429,0.7416598438167422,0.7797619047619048,0.6381507098653076,0.8070669168230143,0.0,0.0,0.0,0.0,0.0
multinli_tr_1_1::validation_matched,mDeBERTa,0.789173208278112,0.7876880262708962,0.8088419296538301,0.7446983396350485,0.8095238095238095,0.789173208278112,0.7876880262708962,0.8088419296538301,0.7446983396350485,0.8095238095238095,0.0,0.0,0.0,0.0,0.0
multinli_tr_1_1::validation_mismatched,BERT,0.6401017811704834,0.6295905609699347,0.6672678088367899,0.5254138266796494,0.6960900473933649,0.6401017811704834,0.6295905609699347,0.6672678088367899,0.5254138266796494,0.6960900473933649,0.0,0.0,0.0,0.0,0.0
multinli_tr_1_1::validation_mismatched,Class_conditional_routing_computed,0.6944529262086514,0.6865964538307997,0.7622816593886463,0.56760514424748,0.7299025578562729,0.6944529262086514,0.6865964538307997,0.7622816593886463,0.56760514424748,0.7299025578562729,0.0,0.0,0.0,0.0,0.0
multinli_tr_1_1::validation_mismatched,Gemma,0.4040712468193384,0.3542289008134802,0.5152149106124001,0.233705772811918,0.3137660190161224,0.4040712468193384,0.3542289008134802,0.5152149106124001,0.233705772811918,0.3137660190161224,0.0,0.0,0.0,0.0,0.0
multinli_tr_1_1::validation_mismatched,Majority_vote,0.7321119592875318,0.7249211767636995,0.7518944023466145,0.6346300533943554,0.7882390745501285,0.7321119592875318,0.7249211767636995,0.7518944023466145,0.6346300533943554,0.7882390745501285,0.0,0.0,0.0,0.0,0.0
multinli_tr_1_1::validation_mismatched,Meta_BiLSTM,0.813027989821883,0.8121112469435298,0.8317770435282287,0.7647622087456112,0.8397944885567492,0.813027989821883,0.8120737446039303,0.8340266819681538,0.763787057698438,0.8384074941451991,0.0,-3.7502339599426726e-05,0.0022496384399250946,-0.0009751510471731617,-0.001386994411550102
multinli_tr_1_1::validation_mismatched,Meta_FlatLSTM,0.813027989821883,0.8120559569587017,0.8334768877404536,0.7626037013401404,0.8400872817955112,0.8120101781170483,0.8111185361317528,0.8320435654915449,0.7628143903215536,0.8384976525821596,-0.0010178117048346147,-0.0009374208269489204,-0.001433322248908686,0.00021068898141318737,-0.0015896292133515955
multinli_tr_1_1::validation_mismatched,Meta_LinearSVC,0.8076335877862595,0.8062635142813591,0.8275283256399496,0.7567479674796748,0.8345142497244529,0.8074300254452926,0.8062173173350796,0.8268987786045205,0.7573160873080033,0.8344370860927153,-0.00020356234096685633,-4.619694627949755e-05,-0.0006295470354290567,0.000568119828328495,-7.716363173759788e-05
multinli_tr_1_1::validation_mismatched,Meta_MLP,0.8109923664122137,0.8100965833583184,0.8317770435282287,0.7617684478371501,0.8367442587095766,0.8107888040712469,0.8098964079464802,0.8311800172265289,0.7598600508905853,0.8386491557223265,-0.00020356234096685633,-0.0002001754118381438,-0.0005970263016997768,-0.001908396946564861,0.0019048970127498732
multinli_tr_1_1::validation_mismatched,Qwen,0.7263104325699745,0.7208204128505136,0.7622816593886463,0.619475138121547,0.7807044410413476,0.7263104325699745,0.7208204128505136,0.7622816593886463,0.619475138121547,0.7807044410413476,0.0,0.0,0.0,0.0,0.0
multinli_tr_1_1::validation_mismatched,Weighted_static_hand_weights,0.7539949109414759,0.7457475296593484,0.7844030889986074,0.640074211502783,0.8127652884766546,0.7539949109414759,0.7457475296593484,0.7844030889986074,0.640074211502783,0.8127652884766546,0.0,0.0,0.0,0.0,0.0
multinli_tr_1_1::validation_mismatched,mDeBERTa,0.7979643765903308,0.7959550717731766,0.8213748804154708,0.7449030333167578,0.8215873015873015,0.7979643765903308,0.7959550717731766,0.8213748804154708,0.7449030333167578,0.8215873015873015,0.0,0.0,0.0,0.0,0.0
snli_tr_1_1::test,BERT,0.7503053745928339,0.7422047571167939,0.7895578050079914,0.6495378927911275,0.787518573551263,0.7503053745928339,0.7422047571167939,0.7895578050079914,0.6495378927911275,0.787518573551263,0.0,0.0,0.0,0.0,0.0
snli_tr_1_1::test,Class_conditional_routing_computed,0.7198697068403909,0.7182095333970414,0.8005685856432125,0.6357336547152757,0.7183263598326359,0.7198697068403909,0.7182095333970414,0.8005685856432125,0.6357336547152757,0.7183263598326359,0.0,0.0,0.0,0.0,0.0
snli_tr_1_1::test,Gemma,0.4579600977198697,0.4344311183566701,0.5331394140868482,0.3965322276667923,0.3736217133163698,0.4579600977198697,0.4344311183566701,0.5331394140868482,0.3965322276667923,0.3736217133163698,0.0,0.0,0.0,0.0,0.0
snli_tr_1_1::test,Majority_vote,0.7838965798045603,0.7807375987058994,0.809609919917334,0.7137000341646738,0.8189028420356906,0.7838965798045603,0.7807375987058994,0.809609919917334,0.7137000341646738,0.8189028420356906,0.0,0.0,0.0,0.0,0.0
snli_tr_1_1::test,Meta_BiLSTM,0.8353013029315961,0.8349034490058406,0.8563421828908555,0.790914747977598,0.8574534161490683,0.83560667752443,0.8352507624459786,0.8553329404832056,0.7924762941085031,0.8579430527462268,0.0003053745928338625,0.0003473134401380529,-0.0010092424076498796,0.0015615461309050893,0.0004896365971585048
snli_tr_1_1::test,Meta_FlatLSTM,0.8359120521172638,0.8355454967888768,0.8562168532704774,0.7921653971708379,0.8582542399253151,0.8344869706840391,0.8341608156388296,0.8551601948914809,0.790134946486738,0.85718730553827,-0.0014250814332247286,-0.0013846811500471956,-0.001056658378996489,-0.002030450684099905,-0.001066934387045082
snli_tr_1_1::test,Meta_LinearSVC,0.8277687296416938,0.8267480796220222,0.8536231884057971,0.7785021466051837,0.8481189038550859,0.8287866449511401,0.8278917446079106,0.8535031847133758,0.7811213177066836,0.8490507314036726,0.0010179153094462823,0.0011436649858883596,-0.00012000369242126663,0.0026191711014998953,0.0009318275485866723
snli_tr_1_1::test,Meta_MLP,0.8333672638436482,0.8329541119763304,0.8548649047689355,0.7886710239651417,0.8553264071949139,0.8350977198697068,0.8346868178038118,0.8562582927908006,0.789727626459144,0.8580745341614907,0.001730456026058591,0.0017327058274814178,0.0013933880218650607,0.001056602494002301,0.0027481269665767805
snli_tr_1_1::test,Qwen,0.7435871335504886,0.7427172879150307,0.8005685856432125,0.6651432053625838,0.7624400727392957,0.7435871335504886,0.7427172879150307,0.8005685856432125,0.6651432053625838,0.7624400727392957,0.0,0.0,0.0,0.0,0.0
snli_tr_1_1::test,Weighted_static_hand_weights,0.7790105863192183,0.7765460845286585,0.8200724540453509,0.7016298208810715,0.8079359786595531,0.7790105863192183,0.7765460845286585,0.8200724540453509,0.7016298208810715,0.8079359786595531,0.0,0.0,0.0,0.0,0.0
snli_tr_1_1::test,mDeBERTa,0.7328990228013029,0.7287793005937235,0.7856396866840731,0.6795256916996048,0.7211725233974925,0.7328990228013029,0.7287793005937235,0.7856396866840731,0.6795256916996048,0.7211725233974925,0.0,0.0,0.0,0.0,0.0
trglue_mnli::test_matched,BERT,0.6591918294849023,0.6391899507363303,0.7219348525094366,0.491156462585034,0.7044785371145204,0.6591918294849023,0.6391899507363303,0.7219348525094366,0.491156462585034,0.7044785371145204,0.0,0.0,0.0,0.0,0.0
trglue_mnli::test_matched,Class_conditional_routing_computed,0.7734236234458259,0.7704877583894604,0.8230816077953715,0.7269076305220884,0.7614740368509213,0.7734236234458259,0.7704877583894604,0.8230816077953715,0.7269076305220884,0.7614740368509213,0.0,0.0,0.0,0.0,0.0
trglue_mnli::test_matched,Gemma,0.3993117229129662,0.3578931802288022,0.4966344131257888,0.2386669933839745,0.3383781341766433,0.3993117229129662,0.3578931802288022,0.4966344131257888,0.2386669933839745,0.3383781341766433,0.0,0.0,0.0,0.0,0.0
trglue_mnli::test_matched,Majority_vote,0.7480017761989343,0.7405573213885952,0.7721639656816015,0.659712080116837,0.789795918367347,0.7480017761989343,0.7405573213885952,0.7721639656816015,0.659712080116837,0.789795918367347,0.0,0.0,0.0,0.0,0.0
trglue_mnli::test_matched,Meta_BiLSTM,0.8460257548845471,0.8459320806573882,0.8491499227202473,0.8382883656985737,0.8503579535533438,0.8511323268206039,0.8511011448611989,0.8525146559703796,0.8452934090517983,0.8554953695614188,0.005106571936056792,0.0051690642038106915,0.0033647332501323124,0.007005043353224605,0.005137416008075046
trglue_mnli::test_matched,Meta_FlatLSTM,0.8465808170515098,0.8464462426493308,0.8505640550146809,0.838809564768622,0.8499651081646895,0.8500222024866785,0.849986720931632,0.8514118191637093,0.8426501035196687,0.8558982401115177,0.003441385435168698,0.003540478282301196,0.0008477641490284293,0.0038405387510467293,0.005933131946828207
trglue_mnli::test_matched,Meta_LinearSVC,0.8392539964476021,0.8390479624744859,0.8449781659388647,0.8266344661031568,0.8455312553814363,0.8390319715808171,0.8388126537131021,0.8452900810979413,0.8259220958290244,0.8452257842123406,-0.00022202486678501998,-0.00023530876138377899,0.0003119151590766922,-0.0007123702741324012,-0.000305471169095628
trglue_mnli::test_matched,Meta_MLP,0.8481349911190054,0.8480981176106465,0.8497457235321313,0.84,0.8545486292998079,0.8502442273534636,0.8501784401726087,0.8522114347357066,0.8427238161078465,0.8556000696742728,0.002109236234458245,0.0020803225619622223,0.002465711203575305,0.002723816107846555,0.0010514403744649181
trglue_mnli::test_matched,Qwen,0.8156083481349912,0.8149914826526845,0.8230816077953715,0.7987024689133178,0.8231903712493643,0.8156083481349912,0.8149914826526845,0.8230816077953715,0.7987024689133178,0.8231903712493643,0.0,0.0,0.0,0.0,0.0
trglue_mnli::test_matched,Weighted_static_hand_weights,0.8138321492007105,0.8123139614442669,0.8223865448745832,0.7816222348269994,0.8329331046312178,0.8138321492007105,0.8123139614442669,0.8223865448745832,0.7816222348269994,0.8329331046312178,0.0,0.0,0.0,0.0,0.0
trglue_mnli::test_matched,mDeBERTa,0.7965142095914742,0.7934750701224781,0.8260869565217391,0.7508506616257089,0.8034875922199866,0.7965142095914742,0.7934750701224781,0.8260869565217391,0.7508506616257089,0.8034875922199866,0.0,0.0,0.0,0.0,0.0
trglue_mnli::test_mismatched,BERT,0.7251817294130412,0.7076769165670805,0.7730763859796118,0.5737596471885337,0.7761947165330959,0.7251817294130412,0.7076769165670805,0.7730763859796118,0.5737596471885337,0.7761947165330959,0.0,0.0,0.0,0.0,0.0
trglue_mnli::test_mismatched,Class_conditional_routing_computed,0.8267332103721384,0.8231290947585107,0.8894960534304797,0.7638282387190685,0.8160629921259842,0.8267332103721384,0.8231290947585107,0.8894960534304797,0.7638282387190685,0.8160629921259842,0.0,0.0,0.0,0.0,0.0
trglue_mnli::test_mismatched,Gemma,0.4175979168926982,0.3698425496684013,0.521068128744035,0.2352643561851758,0.3531951640759931,0.4175979168926982,0.3698425496684013,0.521068128744035,0.2352643561851758,0.3531951640759931,0.0,0.0,0.0,0.0,0.0
trglue_mnli::test_mismatched,Majority_vote,0.8065531083866768,0.7995670821025965,0.8239659200219871,0.7225280326197757,0.8522072936660269,0.8065531083866768,0.7995670821025965,0.8239659200219871,0.7225280326197757,0.8522072936660269,0.0,0.0,0.0,0.0,0.0
trglue_mnli::test_mismatched,Meta_BiLSTM,0.8998589562764457,0.8993843888979521,0.908271144278607,0.8776241679467486,0.9122578544685008,0.9034392969512856,0.9028882421126662,0.9131313131313132,0.8809605488850771,0.914572864321608,0.0035803406748398103,0.0035038532147140256,0.004860168852706237,0.0033363809383285536,0.002315009853107175
trglue_mnli::test_mismatched,Meta_FlatLSTM,0.9005099273082348,0.900010740626986,0.9097135740971356,0.8784823107161169,0.9118363370677058,0.9013778886839536,0.9008128665483696,0.9115414407436097,0.878969957081545,0.9119272018199543,0.0008679613757188731,0.0008021259213835119,0.0018278666464740523,0.0004876463654280849,9.086475224850954e-05
trglue_mnli::test_mismatched,Meta_LinearSVC,0.8964956059455355,0.895963856662313,0.9058141357154053,0.8731623931623932,0.9089150411091408,0.8962786156016057,0.8957405571807008,0.9057550572369452,0.8725222146274778,0.9089443996776791,-0.00021699034392974603,-0.0002232994816122602,-5.907847846009506e-05,-0.000640178534915381,2.9358568538362384e-05
trglue_mnli::test_mismatched,Meta_MLP,0.8999674514484105,0.8994803256071213,0.908271144278607,0.8786582235153175,0.9115116090274396,0.9030053162634264,0.9024598585870164,0.9121611154144076,0.8815540656695892,0.913664394677053,0.0030378648150158893,0.002979532979895061,0.003889971135800585,0.002895842154271633,0.002152785649613409
trglue_mnli::test_mismatched,Qwen,0.8767494846479331,0.8755823265792007,0.8894960534304797,0.8496428571428571,0.8876080691642652,0.8767494846479331,0.8755823265792007,0.8894960534304797,0.8496428571428571,0.8876080691642652,0.0,0.0,0.0,0.0,0.0
trglue_mnli::test_mismatched,Weighted_static_hand_weights,0.8699142888141478,0.8678134926867841,0.8799301411730461,0.8319013821441913,0.8916089547431149,0.8699142888141478,0.8678134926867841,0.8799301411730461,0.8319013821441913,0.8916089547431149,0.0,0.0,0.0,0.0,0.0
trglue_mnli::test_mismatched,mDeBERTa,0.8424650103070414,0.838739026848104,0.8755199049316696,0.7868173258003767,0.8538798498122653,0.8424650103070414,0.838739026848104,0.8755199049316696,0.7868173258003767,0.8538798498122653,0.0,0.0,0.0,0.0,0.0
