feature,importance,config,method
entropy_mdeberta,0.12553637921356833,snli_tr_1_1,MLP_FirstLayerNorm
bert_p1,0.10873537631956827,snli_tr_1_1,MLP_FirstLayerNorm
entropy_qwen,0.10028822799738636,snli_tr_1_1,MLP_FirstLayerNorm
qwen_p0,0.0855364288571634,snli_tr_1_1,MLP_FirstLayerNorm
qwen_p2,0.0854805250237057,snli_tr_1_1,MLP_FirstLayerNorm
bert_p2,0.07992405844889192,snli_tr_1_1,MLP_FirstLayerNorm
bert_p0,0.07751508632288678,snli_tr_1_1,MLP_FirstLayerNorm
mdeberta_p1,0.05404636737030737,snli_tr_1_1,MLP_FirstLayerNorm
entropy_bert,0.05390199598243723,snli_tr_1_1,MLP_FirstLayerNorm
mdeberta_p2,0.0504153290598186,snli_tr_1_1,MLP_FirstLayerNorm
entropy_gemma,0.04265734532099743,snli_tr_1_1,MLP_FirstLayerNorm
gemma_p2,0.03183592060036753,snli_tr_1_1,MLP_FirstLayerNorm
mdeberta_p0,0.031211740531099423,snli_tr_1_1,MLP_FirstLayerNorm
gemma_p1,0.026264351319565945,snli_tr_1_1,MLP_FirstLayerNorm
qwen_p1,0.025163842861241858,snli_tr_1_1,MLP_FirstLayerNorm
gemma_p0,0.021487024770993846,snli_tr_1_1,MLP_FirstLayerNorm
bert_block,0.27214983713355045,snli_tr_1_1,MLP_PermutationImportance_eval
mdeberta_block,0.04898208469055374,snli_tr_1_1,MLP_PermutationImportance_eval
qwen_block,0.04043159609120517,snli_tr_1_1,MLP_PermutationImportance_eval
gemma_block,0.00606677524429966,snli_tr_1_1,MLP_PermutationImportance_eval
bert_block,0.27408387622149843,snli_tr_1_1,BiLSTM_PermutationImportance_eval
mdeberta_block,0.04710912052117262,snli_tr_1_1,BiLSTM_PermutationImportance_eval
qwen_block,0.04385179153094463,snli_tr_1_1,BiLSTM_PermutationImportance_eval
gemma_block,0.00600570032573291,snli_tr_1_1,BiLSTM_PermutationImportance_eval
bert_p1,0.18067249622785966,snli_tr_1_1,LinearSVC_CoefNorm
bert_p0,0.14570923722978618,snli_tr_1_1,LinearSVC_CoefNorm
bert_p2,0.14262301801795027,snli_tr_1_1,LinearSVC_CoefNorm
qwen_p2,0.07912081967398665,snli_tr_1_1,LinearSVC_CoefNorm
qwen_p0,0.06964674906827101,snli_tr_1_1,LinearSVC_CoefNorm
mdeberta_p0,0.06823684236695718,snli_tr_1_1,LinearSVC_CoefNorm
mdeberta_p1,0.06578664272654154,snli_tr_1_1,LinearSVC_CoefNorm
mdeberta_p2,0.057254238196696776,snli_tr_1_1,LinearSVC_CoefNorm
qwen_p1,0.0468581788047659,snli_tr_1_1,LinearSVC_CoefNorm
entropy_bert,0.040293082758094755,snli_tr_1_1,LinearSVC_CoefNorm
gemma_p2,0.032784927438290666,snli_tr_1_1,LinearSVC_CoefNorm
gemma_p1,0.02718192240257046,snli_tr_1_1,LinearSVC_CoefNorm
entropy_gemma,0.015069648336235569,snli_tr_1_1,LinearSVC_CoefNorm
gemma_p0,0.012320952833854584,snli_tr_1_1,LinearSVC_CoefNorm
entropy_qwen,0.009878853229663254,snli_tr_1_1,LinearSVC_CoefNorm
entropy_mdeberta,0.006562390688475631,snli_tr_1_1,LinearSVC_CoefNorm
entropy_mdeberta,0.17342656111720658,multinli_tr_1_1,MLP_FirstLayerNorm
mdeberta_p2,0.09668072246890112,multinli_tr_1_1,MLP_FirstLayerNorm
mdeberta_p1,0.08833872414727548,multinli_tr_1_1,MLP_FirstLayerNorm
bert_p1,0.08337692827489515,multinli_tr_1_1,MLP_FirstLayerNorm
bert_p2,0.08215384125354583,multinli_tr_1_1,MLP_FirstLayerNorm
entropy_qwen,0.08014867274774594,multinli_tr_1_1,MLP_FirstLayerNorm
mdeberta_p0,0.06684596930041367,multinli_tr_1_1,MLP_FirstLayerNorm
qwen_p2,0.0583620449559355,multinli_tr_1_1,MLP_FirstLayerNorm
bert_p0,0.053781505344535116,multinli_tr_1_1,MLP_FirstLayerNorm
qwen_p0,0.0510408619387559,multinli_tr_1_1,MLP_FirstLayerNorm
entropy_bert,0.04015712834491572,multinli_tr_1_1,MLP_FirstLayerNorm
gemma_p0,0.02738391793002803,multinli_tr_1_1,MLP_FirstLayerNorm
gemma_p2,0.026830971157530782,multinli_tr_1_1,MLP_FirstLayerNorm
gemma_p1,0.02570744297912211,multinli_tr_1_1,MLP_FirstLayerNorm
qwen_p1,0.023761413898268326,multinli_tr_1_1,MLP_FirstLayerNorm
entropy_gemma,0.02200329414092475,multinli_tr_1_1,MLP_FirstLayerNorm
mdeberta_block,0.21319196656132117,multinli_tr_1_1,MLP_PermutationImportance_eval
bert_block,0.051462942195942454,multinli_tr_1_1,MLP_PermutationImportance_eval
qwen_block,0.030726883474360235,multinli_tr_1_1,MLP_PermutationImportance_eval
gemma_block,0.002507900907329952,multinli_tr_1_1,MLP_PermutationImportance_eval
mdeberta_block,0.21270262004281779,multinli_tr_1_1,BiLSTM_PermutationImportance_eval
bert_block,0.059659496380874644,multinli_tr_1_1,BiLSTM_PermutationImportance_eval
qwen_block,0.03097155673361194,multinli_tr_1_1,BiLSTM_PermutationImportance_eval
gemma_block,0.0030788051789172764,multinli_tr_1_1,BiLSTM_PermutationImportance_eval
mdeberta_p1,0.15313951885692179,multinli_tr_1_1,LinearSVC_CoefNorm
mdeberta_p0,0.14277564592509145,multinli_tr_1_1,LinearSVC_CoefNorm
mdeberta_p2,0.13591394039346527,multinli_tr_1_1,LinearSVC_CoefNorm
bert_p1,0.12374888034977603,multinli_tr_1_1,LinearSVC_CoefNorm
bert_p0,0.09089576351216629,multinli_tr_1_1,LinearSVC_CoefNorm
bert_p2,0.08133234706113975,multinli_tr_1_1,LinearSVC_CoefNorm
qwen_p2,0.07292413857718788,multinli_tr_1_1,LinearSVC_CoefNorm
qwen_p0,0.07070093268975881,multinli_tr_1_1,LinearSVC_CoefNorm
qwen_p1,0.039001913213402205,multinli_tr_1_1,LinearSVC_CoefNorm
entropy_bert,0.02744426115425081,multinli_tr_1_1,LinearSVC_CoefNorm
gemma_p2,0.01335596460299037,multinli_tr_1_1,LinearSVC_CoefNorm
gemma_p1,0.012453230670208313,multinli_tr_1_1,LinearSVC_CoefNorm
entropy_mdeberta,0.012119392792363275,multinli_tr_1_1,LinearSVC_CoefNorm
entropy_qwen,0.011550379417646616,multinli_tr_1_1,LinearSVC_CoefNorm
gemma_p0,0.0077768005138436,multinli_tr_1_1,LinearSVC_CoefNorm
entropy_gemma,0.004866890269787562,multinli_tr_1_1,LinearSVC_CoefNorm
entropy_qwen,0.14017542577321399,trglue_mnli,MLP_FirstLayerNorm
entropy_mdeberta,0.11087515573439818,trglue_mnli,MLP_FirstLayerNorm
bert_p1,0.0885375470434581,trglue_mnli,MLP_FirstLayerNorm
qwen_p1,0.07556148004257585,trglue_mnli,MLP_FirstLayerNorm
qwen_p0,0.07062894008928697,trglue_mnli,MLP_FirstLayerNorm
mdeberta_p1,0.06814292535303189,trglue_mnli,MLP_FirstLayerNorm
mdeberta_p0,0.06804073084419088,trglue_mnli,MLP_FirstLayerNorm
bert_p0,0.06272522321181882,trglue_mnli,MLP_FirstLayerNorm
qwen_p2,0.060889037966508595,trglue_mnli,MLP_FirstLayerNorm
bert_p2,0.05454015063870631,trglue_mnli,MLP_FirstLayerNorm
mdeberta_p2,0.05091809323369574,trglue_mnli,MLP_FirstLayerNorm
entropy_bert,0.04546912210655916,trglue_mnli,MLP_FirstLayerNorm
gemma_p2,0.02923597023314748,trglue_mnli,MLP_FirstLayerNorm
gemma_p0,0.028473261169516206,trglue_mnli,MLP_FirstLayerNorm
gemma_p1,0.024807661009094414,trglue_mnli,MLP_FirstLayerNorm
entropy_gemma,0.020979275550797424,trglue_mnli,MLP_FirstLayerNorm
qwen_block,0.1755328596802842,trglue_mnli,MLP_PermutationImportance_eval
mdeberta_block,0.12118117229129663,trglue_mnli,MLP_PermutationImportance_eval
bert_block,0.013543516873889905,trglue_mnli,MLP_PermutationImportance_eval
gemma_block,0.0009769094138543544,trglue_mnli,MLP_PermutationImportance_eval
qwen_block,0.17053730017761987,trglue_mnli,BiLSTM_PermutationImportance_eval
mdeberta_block,0.13681172291296625,trglue_mnli,BiLSTM_PermutationImportance_eval
bert_block,0.022291296625222022,trglue_mnli,BiLSTM_PermutationImportance_eval
gemma_block,0.0014875666074600558,trglue_mnli,BiLSTM_PermutationImportance_eval
qwen_p1,0.18033090382643516,trglue_mnli,LinearSVC_CoefNorm
qwen_p2,0.14468985900416956,trglue_mnli,LinearSVC_CoefNorm
mdeberta_p0,0.1122006194304541,trglue_mnli,LinearSVC_CoefNorm
qwen_p0,0.10672649766111665,trglue_mnli,LinearSVC_CoefNorm
mdeberta_p2,0.09797399218609278,trglue_mnli,LinearSVC_CoefNorm
mdeberta_p1,0.0953318679901862,trglue_mnli,LinearSVC_CoefNorm
bert_p1,0.07772582091376709,trglue_mnli,LinearSVC_CoefNorm
bert_p2,0.049890749414879934,trglue_mnli,LinearSVC_CoefNorm
bert_p0,0.04908741807817783,trglue_mnli,LinearSVC_CoefNorm
entropy_mdeberta,0.026750764367088557,trglue_mnli,LinearSVC_CoefNorm
entropy_bert,0.023119391175469104,trglue_mnli,LinearSVC_CoefNorm
gemma_p2,0.01276674562632041,trglue_mnli,LinearSVC_CoefNorm
gemma_p1,0.009155569939250015,trglue_mnli,LinearSVC_CoefNorm
entropy_qwen,0.006581807383835956,trglue_mnli,LinearSVC_CoefNorm
gemma_p0,0.005728981304181805,trglue_mnli,LinearSVC_CoefNorm
entropy_gemma,0.0019390116985749269,trglue_mnli,LinearSVC_CoefNorm
